{
  "a_dom": 0.9184,
  "b_dom": 1.0816,
  "basis": "cheb",
  "bf16_max_cert_err": 0.0078125,
  "coeffs": [
    1.0012529091554423,
    -0.040928175241500456,
    0.0012543153087897158,
    -4.297118508547139e-05
  ],
  "deg": 3,
  "kind": "phase2_local_refined",
  "proxy_linear_delta": 1.4068516034092142e-06,
  "r": 2.0,
  "rho": 0.0816
}