{
  "a_dom": 0.23470000000000002,
  "b_dom": 1.7652999999999999,
  "basis": "cheb",
  "bf16_max_cert_err": 0.06640625,
  "coeffs": [
    1.1710753446292332,
    -0.5625516521895263,
    0.19683376700487223,
    -0.0764417229369569
  ],
  "deg": 3,
  "kind": "phase2_local_refined",
  "proxy_linear_delta": 0.02779450941574842,
  "r": 2.0,
  "rho": 0.7653
}