{
  "basis": "cheb_clenshaw",
  "bf16_eval_max_g": 1.0,
  "bf16_eval_max_g_pre_refine": 1.0,
  "bf16_eval_min_g": 0.1279296875,
  "bf16_eval_min_g_pre_refine": 0.1279296875,
  "coeffs": [
    1.5015998814647065,
    -1.5585936872234099,
    1.0564601504728677
  ],
  "coeffs_pre_refine": [
    1.5015998814647065,
    -1.5585936872234099,
    1.0564601504728677
  ],
  "deg": 2,
  "ell": 0.001,
  "kind": "phase1_bf16_safe",
  "mu_star_pre_refine": 0.0005336552858352661,
  "proxy_min_g_pre_refine": 0.13018002090751848,
  "r": 2.0
}