{
  "basis": "cheb_clenshaw",
  "bf16_eval_max_g": 1.0,
  "bf16_eval_max_g_pre_refine": 1.0,
  "bf16_eval_min_g": 0.171875,
  "bf16_eval_min_g_pre_refine": 0.171875,
  "coeffs": [
    1.6345578892983201,
    -1.772064248263909,
    1.2665351063046486,
    -0.9511718450266279
  ],
  "coeffs_pre_refine": [
    1.6345578892983201,
    -1.772064248263909,
    1.2665351063046486,
    -0.9511718450266279
  ],
  "deg": 3,
  "ell": 0.001,
  "kind": "phase1_bf16_safe",
  "mu_star_pre_refine": 0.003495129942893982,
  "proxy_min_g_pre_refine": 0.17785690231243095,
  "r": 2.0
}