{
  "basis": "cheb_clenshaw",
  "bf16_eval_max_g": 1.0,
  "bf16_eval_max_g_pre_refine": 1.0,
  "bf16_eval_min_g": 0.212890625,
  "bf16_eval_min_g_pre_refine": 0.212890625,
  "coeffs": [
    1.7304686859022926,
    -1.9221043662147457,
    1.4081148660501994,
    -1.0959750080111885,
    0.8660789478647213
  ],
  "coeffs_pre_refine": [
    1.7304686859022926,
    -1.9221043662147457,
    1.4081148660501994,
    -1.0959750080111885,
    0.8660789478647213
  ],
  "deg": 4,
  "ell": 0.001,
  "kind": "phase1_bf16_safe",
  "mu_star_pre_refine": 0.013416874408721927,
  "proxy_min_g_pre_refine": 0.22207859741415642,
  "r": 2.0
}