{
  "basis": "cheb_clenshaw",
  "bf16_eval_max_g": 0.99609375,
  "bf16_eval_max_g_pre_refine": 0.99609375,
  "bf16_eval_min_g": 0.26171875,
  "bf16_eval_min_g_pre_refine": 0.26171875,
  "coeffs": [
    1.8008527121890279,
    -2.0309734973987728,
    1.5090577192979913,
    -1.1958818578739454,
    0.970371204427554,
    -0.7910156533567545
  ],
  "coeffs_pre_refine": [
    1.8008527121890279,
    -2.0309734973987728,
    1.5090577192979913,
    -1.1958818578739454,
    0.970371204427554,
    -0.7910156533567545
  ],
  "deg": 5,
  "ell": 0.001,
  "kind": "phase1_bf16_safe",
  "mu_star_pre_refine": 0.027933990955352785,
  "proxy_min_g_pre_refine": 0.26241062728508774,
  "r": 2.0
}