{
  "kappa_star": 1.5,
  "target_sigma_min": 0.8164965809277261,
  "primary_1step": {
    "coverage_kappaG_max_model": 3011.9783395382806,
    "coverage_kappaS_max_model": 9072013.517847778,
    "ell_in": 0.000332007699681298,
    "ell_out": 0.816496580927726,
    "step": {
      "label": "primary",
      "r": 3,
      "ell": 0.000332007699681298,
      "alpha": 0.7741882859805652,
      "c_odd": [
        3.5060764103641517e-07,
        8.667693657407938e-05,
        0.018800224054086948
      ],
      "c_even": [
        5.863180796704623e-06,
        0.0012717236788065119,
        0.3143944961433918
      ],
      "P_desc": [
        0.7741882859805652,
        0.24438962887200347,
        0.00031097109914582436,
        1.8148785777278165e-09
      ],
      "Q_desc": [
        1.0,
        0.018887251598302065,
        1.6361677197174e-06,
        5.713312186858616e-13
      ]
    }
  },
  "fallback_2step": {
    "coverage_kappaG_max_model": 93891244016838.27,
    "coverage_kappaS_max_model": 8.815565703029466e+27,
    "ell0_in": 1.0650620411639898e-14,
    "ell1_mid": 0.004865420763515008,
    "ell2_out": 0.816496580927726,
    "step1": {
      "label": "fallback_step1",
      "r": 2,
      "ell": 1.0650620411639898e-14,
      "alpha": 0.9999940818764184,
      "c_odd": [
        1.916737195992677e-23,
        8.756124411612759e-12
      ],
      "c_even": [
        1.2955014093038351e-17,
        5.918167362223705e-06
      ],
      "P_desc": [
        0.9999940818764184,
        5.918132337790833e-06,
        7.666948784037842e-23
      ],
      "Q_desc": [
        1.0,
        8.756124411631926e-12,
        1.6783189352477672e-34
      ]
    },
    "step2": {
      "label": "fallback_step2",
      "r": 2,
      "ell": 0.004865420763515008,
      "alpha": 0.7741928464149836,
      "c_odd": [
        7.529866294103208e-05,
        0.018788223366507917
      ],
      "c_even": [
        0.0012599551721447749,
        0.3143790112791411
      ],
      "P_desc": [
        0.7741928464149836,
        0.24436542987640453,
        0.0003066604661592532
      ],
      "Q_desc": [
        1.0,
        0.01886352202944895,
        1.4147280985355028e-06
      ]
    }
  },
  "implementation_notes": {
    "step_form": "q(t)=alpha*P(t)/Q(t), deg P=deg Q=r. Apply as Z <- Z*P(S) then right-solve with Q(S).",
    "bf16_safety": "Build S,P(S),Q(S) in fp32 (bf16 inputs, fp32 accumulate), symmetrize, ridge Q if needed, then fp32 Cholesky(Q).",
    "divergence_triggers": "Cholesky fail on Q, NaN/Inf, or spread proxy increases. If so, run fallback 2-step."
  }
}