variant,p,k,median_ms,mean_ms,newton_steps,affineopt_steps
baseline,1,1,1.560422420501709,1.6196017646789551,0.0,1.0
baseline,1,16,1.5400959968566894,1.5501966428756715,0.0,1.0
baseline,1,64,1.538812828063965,1.549610562324524,0.0,1.0
baseline,2,1,2.010931205749512,2.016161279678345,0.0,1.0
baseline,2,16,1.9925503730773926,2.0195481491088865,0.0,1.0
baseline,2,64,2.0448256492614747,2.079387845993042,0.0,1.0
baseline,4,1,2.5336832046508793,2.5331070613861084,1.0,0.0
baseline,4,16,2.5249792098999024,2.5443707275390626,1.0,0.0
baseline,4,64,2.50885124206543,2.5099043464660644,1.0,0.0
