{
  "basis": "cheb_clenshaw",
  "bf16_eval_max_g": 1.0,
  "bf16_eval_max_g_pre_refine": 1.0,
  "bf16_eval_min_g": 0.40234375,
  "bf16_eval_min_g_pre_refine": 0.40234375,
  "coeffs": [
    1.097656306626946,
    -0.646571372102486,
    0.5462491762123876
  ],
  "coeffs_pre_refine": [
    1.097656306626946,
    -0.646571372102486,
    0.5462491762123876
  ],
  "deg": 2,
  "ell": 0.001,
  "kind": "phase1_bf16_safe",
  "mu_star_pre_refine": 0.002665889263153077,
  "proxy_min_g_pre_refine": 0.4073107830313746,
  "r": 4.0
}