{
  "basis": "cheb_clenshaw",
  "bf16_eval_max_g": 1.0,
  "bf16_eval_max_g_pre_refine": 1.0,
  "bf16_eval_min_g": 0.46875,
  "bf16_eval_min_g_pre_refine": 0.46875,
  "coeffs": [
    1.1445313066187823,
    -0.6515790355498314,
    0.43811190084666096,
    -0.4531706305423288
  ],
  "coeffs_pre_refine": [
    1.1445313066187823,
    -0.6515790355498314,
    0.43811190084666096,
    -0.4531706305423288
  ],
  "deg": 3,
  "ell": 0.001,
  "kind": "phase1_bf16_safe",
  "mu_star_pre_refine": 0.0019947707653045653,
  "proxy_min_g_pre_refine": 0.477893541373282,
  "r": 4.0
}