{
  "basis": "cheb_clenshaw",
  "bf16_eval_max_g": 1.0,
  "bf16_eval_max_g_pre_refine": 1.0,
  "bf16_eval_min_g": 0.52734375,
  "bf16_eval_min_g_pre_refine": 0.52734375,
  "coeffs": [
    1.1794681234751825,
    -0.6621093450735321,
    0.4277450149475674,
    -0.3394648811194757,
    0.38838248857954877
  ],
  "coeffs_pre_refine": [
    1.1794681234751825,
    -0.6621093450735321,
    0.4277450149475674,
    -0.3394648811194757,
    0.38838248857954877
  ],
  "deg": 4,
  "ell": 0.001,
  "kind": "phase1_bf16_safe",
  "mu_star_pre_refine": 0.005978599190711975,
  "proxy_min_g_pre_refine": 0.5329805438326595,
  "r": 4.0
}