{
  "basis": "cheb_clenshaw",
  "bf16_eval_max_g": 0.99609375,
  "bf16_eval_max_g_pre_refine": 0.99609375,
  "bf16_eval_min_g": 0.578125,
  "bf16_eval_min_g_pre_refine": 0.578125,
  "coeffs": [
    1.208174433467943,
    -0.6732542676677874,
    0.4287109223617102,
    -0.3246336491759236,
    0.27827961528396644,
    -0.3389755356191652
  ],
  "coeffs_pre_refine": [
    1.208174433467943,
    -0.6732542676677874,
    0.4287109223617102,
    -0.3246336491759236,
    0.27827961528396644,
    -0.3389755356191652
  ],
  "deg": 5,
  "ell": 0.001,
  "kind": "phase1_bf16_safe",
  "mu_star_pre_refine": 0.010526061058044432,
  "proxy_min_g_pre_refine": 0.5783015186507418,
  "r": 4.0
}