{
  "basis": "cheb",
  "bf16_eval_max_g": 1.0,
  "bf16_eval_min_g": 0.259765625,
  "coeffs": [
    1.8265767779469264,
    -2.0599846960637245,
    1.5306136742858427,
    -1.2129642896255328,
    0.9842323561493453,
    -0.8023148221031864
  ],
  "deg": 5,
  "ell": 0.001,
  "kind": "phase1_bf16_safe",
  "mu_star": 0.014048629999160766,
  "proxy_min_g": 0.2661590005896696
}