{
  "basis": "cheb",
  "bf16_eval_max_g": 1.0,
  "bf16_eval_min_g": 0.1748046875,
  "coeffs": [
    1.636264456229557,
    -1.7739143792784873,
    1.2678574375257214,
    -0.9521649199291891
  ],
  "deg": 3,
  "ell": 0.001,
  "kind": "phase1_bf16_safe",
  "mu_star": 0.002454724907875061,
  "proxy_min_g": 0.178042594547601
}