{
  "basis": "cheb",
  "bf16_eval_max_g": 1.0,
  "bf16_eval_min_g": 0.21875,
  "coeffs": [
    1.7388886857739063,
    -1.931456814281907,
    1.414966378064232,
    -1.1013077305862449,
    0.8702930574231548
  ],
  "deg": 4,
  "ell": 0.001,
  "kind": "phase1_bf16_safe",
  "mu_star": 0.00861642360687256,
  "proxy_min_g": 0.22315917273860406
}