{
  "basis": "cheb",
  "bf16_eval_max_g": 1.0,
  "bf16_eval_min_g": 0.126953125,
  "coeffs": [
    1.5024015609719548,
    -1.5594257947872143,
    1.0570241771908464
  ],
  "deg": 2,
  "ell": 0.001,
  "kind": "phase1_bf16_safe",
  "mu_star": 5.662441253662109e-08,
  "proxy_min_g": 0.13024952188198113
}