{
  "basis": "mono",
  "bf16_eval_max_g": 0.58984375,
  "bf16_eval_min_g": -0.94140625,
  "coeffs": [
    1.9927518902977595,
    -25.945458775159384,
    129.36301098388176,
    -279.86830179686274,
    270.99997466968244,
    -96.4797770006195
  ],
  "deg": 5,
  "ell": 0.001,
  "kind": "phase1_bf16_safe",
  "mu_star": 0.7695883363485334,
  "proxy_min_g": 0.062199971220390934
}