{
  "basis": "mono",
  "bf16_eval_max_g": 0.90625,
  "bf16_eval_min_g": -0.34375,
  "coeffs": [
    6.093895552631005,
    -54.20025138835358,
    175.12499754167519,
    -221.89536142466488,
    95.72522506667956
  ],
  "deg": 4,
  "ell": 0.001,
  "kind": "phase1_bf16_safe",
  "mu_star": 0.1514946520328522,
  "proxy_min_g": 0.19099747319211027
}