{
  "basis": "mono",
  "bf16_eval_max_g": 0.97265625,
  "bf16_eval_min_g": 0.06005859375,
  "coeffs": [
    5.435096297249192,
    -29.735940642878965,
    53.812496065842765,
    -29.340717515504004
  ],
  "deg": 3,
  "ell": 0.001,
  "kind": "phase1_bf16_safe",
  "mu_star": 0.04228201508522033,
  "proxy_min_g": 0.17093420470910076
}