{
  "basis": "mono",
  "bf16_eval_max_g": 0.98046875,
  "bf16_eval_min_g": 0.1064453125,
  "coeffs": [
    4.036909358561819,
    -11.340805566690713,
    8.281250350199356
  ],
  "deg": 2,
  "ell": 0.001,
  "kind": "phase1_bf16_safe",
  "mu_star": 0.02264585793018341,
  "proxy_min_g": 0.12729991692225823
}